Ozone,Nitric oxide,Nitrogen dioxide,Nitrogen oxides as nitrogen dioxide,Sulphur dioxide
25,1,28,30,3
33,1,14,15,3
22,1,23,24,3
17,5,35,43,4
44,0,15,15,1
61,1,5,6,1
53,1,7,8,3
37,1,13,14,2
37,1,14,15,3
19,8,32,44,4
33,1,19,21,4
40,3,20,24,1
45,2,18,20,2
54,1,10,11,2
57,0,5,5,1
59,1,4,5,0
48,2,22,25,4
28,3,28,33,5
57,1,10,11,1
42,1,18,19,2
13,5,34,42,4
10,3,32,36,6
13,2,30,34,4
23,1,22,23,4
46,1,12,14,3
46,1,17,18,2
36,1,18,20,3
35,1,16,18,3
52,1,6,7,2
53,1,9,10,14
35,8,21,33,15
14,31,35,82,6
9,5,37,44,11
13,5,26,34,5
50,0,6,7,1
57,0,1,1,0
38,1,11,13,1
46,0,8,9,1
12,12,32,51,23
26,9,13,28,4
13,13,28,48,24
14,18,18,45,17
16,9,21,34,9
17,8,22,35,7
42,7,11,22,3
49,11,11,28,3
32,4,18,25,4
36,3,25,29,2
36,1,24,26,3
48,2,15,19,3
41,1,18,20,5
27,15,29,52,6
29,6,35,45,3
43,1,29,31,3
56,1,7,9,1
25,18,22,50,9
17,18,35,62,10
26,2,21,24,3
28,2,28,32,7
47,3,12,16,1
47,4,9,15,3
29,1,21,23,3
30,3,20,24,5
17,15,32,55,16
31,9,24,38,5
60,7,9,19,2
31,5,22,30,3
35,3,21,25,3
58,2,7,10,1
48,3,12,17,10
26,2,18,21,16
26,3,18,22,3
42,1,8,9,1
33,2,16,19,6
31,2,17,19,6
44,1,12,14,4
33,11,15,32,5
30,3,17,22,11
48,0,9,9,1
52,1,8,9,0
37,3,16,20,2
37,3,24,29,5
44,1,15,17,2
40,3,17,21,6
51,1,16,17,1
50,3,13,17,1
54,1,14,16,8
68,0,12,12,2
69,0,6,6,0
69,0,4,4,1
56,0,6,7,15
60,4,7,13,2
50,7,13,24,1
63,0,9,9,1
51,1,15,16,5
66,0,9,9,4
74,0,8,8,12
66,0,8,8,1
47,1,13,14,1
43,2,18,21,4
62,2,20,23,8
45,1,15,16,1
44,1,14,16,1
58,0,8,8,1
58,0,8,8,0
46,1,14,16,1
44,1,16,18,1
61,1,12,14,2
82,0,3,3,0
82,0,4,4,0
82,0,4,4,0
82,0,2,2,0
51,1,9,10,8
49,1,12,14,1
62,1,8,9,1
55,1,10,11,0
50,2,21,24,6
69,1,18,20,4
50,1,11,13,3
65,0,7,7,0
66,1,7,9,1
71,2,11,13,2
47,2,14,17,3
54,1,14,15,4
70,0,9,10,2
79,0,7,7,1
72,0,10,10,1
74,1,8,9,1
71,1,9,10,2
58,0,6,6,1
57,1,8,9,6
55,0,9,10,6
48,1,8,8,3
44,0,7,7,1
52,1,6,6,2
48,0,7,7,2
51,0,7,7,3
52,1,13,14,3
67,2,12,14,2
68,0,8,8,2
56,1,12,14,2
59,1,11,12,0
65,1,9,10,0
52,0,6,6,0
58,0,6,7,0
62,0,12,13,2
56,0,6,6,0
50,1,10,11,1
44,1,7,8,0
40,1,11,12,0
37,1,8,9,1
40,1,10,12,4
38,1,13,14,3
38,1,9,10,1
22,2,14,18,1
30,2,13,17,1
69,1,15,16,3
74,0,8,8,1
47,0,8,8,1
31,1,12,13,1
49,0,10,10,1
41,1,9,10,1
45,1,12,13,1
47,0,6,7,0
39,1,6,7,2
34,1,11,12,2
37,2,12,15,5
51,1,4,5,2
53,0,2,2,1
48,1,9,10,9
36,1,8,10,7
34,0,5,5,2
32,1,7,8,2
42,1,4,6,4
36,1,11,12,4
31,1,10,12,4
49,1,10,11,10
41,0,7,7,2
27,0,5,5,1
46,0,6,7,1
40,0,8,9,3
40,0,9,10,2
36,1,12,14,5
32,1,13,15,1
45,1,4,5,1
44,1,10,12,2
42,2,13,16,2
47,1,9,10,3
43,1,7,8,3
46,1,7,7,3
50,2,6,9,2
55,1,15,16,2
44,1,11,12,1
35,1,10,12,2
33,1,8,9,1
36,1,7,8,1
37,2,10,13,1
39,2,9,13,1
42,1,6,7,1
33,2,18,21,2
40,1,7,9,3
39,2,12,14,3
47,2,14,17,5
45,3,15,19,4
54,2,10,13,4
64,1,4,5,2
82,1,13,15,5
69,1,16,18,7
45,1,12,13,2
48,1,9,10,2
54,1,11,12,3
45,1,11,12,4
51,3,13,17,3
45,1,10,12,2
41,2,12,14,8
52,5,21,28,5
42,1,11,13,4
50,1,6,7,2
48,1,7,9,2
33,1,10,12,2
40,3,10,15,3
41,4,17,23,7
41,1,7,8,2
44,2,9,11,7
41,2,12,15,8
26,5,16,24,12
38,1,7,8,2
61,1,8,9,3
42,2,31,34,5
44,5,19,27,6
54,1,18,20,11
37,10,21,36,5
46,1,13,14,2
50,1,13,15,3
50,1,17,18,1
51,1,13,14,1
44,1,11,12,1
51,0,9,9,1
46,0,11,12,2
46,0,9,10,2
48,1,8,9,3
49,1,11,13,3
38,2,14,16,2
54,1,8,9,1
28,4,16,22,11
13,12,30,48,4
23,2,15,18,2
38,1,10,11,2
54,1,11,12,2
55,1,8,10,2
38,3,20,25,4
36,3,21,26,7
48,0,6,6,3
44,5,12,19,5
24,4,21,28,4
38,4,11,17,3
27,7,16,27,5
18,12,19,37,4
52,2,6,8,4
30,5,18,26,5
28,4,22,28,5
36,3,18,21,5
50,1,11,12,1
48,1,13,14,2
43,1,13,14,3
65,1,5,6,2
38,2,15,18,4
49,0,6,6,4
63,0,6,6,2
54,0,8,8,3
46,2,15,17,6
27,2,19,23,4
30,2,13,16,3
28,1,22,24,2
35,2,14,18,4
18,8,24,37,19
38,3,20,24,6
36,12,18,36,5
22,19,32,60,4
33,1,20,21,3
44,0,15,16,2
42,1,17,19,6
20,7,32,43,7
52,1,10,11,3
29,11,23,39,3
25,11,22,38,3
34,1,10,10,10
29,4,20,26,8
4,34,31,83,2
2,90,38,175,8
2,102,45,201,7
10,12,37,55,7
20,3,34,39,8
29,1,22,24,9
12,12,29,48,8
3,57,45,132,9
9,8,39,52,6
4,21,35,68,2
15,15,35,58,5
9,16,37,61,4
42,1,15,16,1
51,0,12,13,1
46,1,11,12,1
30,2,19,23,2
24,5,31,39,2
21,3,28,33,2
44,1,9,10,3
45,1,15,17,2
63,1,5,6,1
59,1,8,9,3
53,1,11,12,2
42,1,17,18,2
42,2,17,20,7
41,2,18,21,3
38,3,15,20,3
35,0,13,14,3
36,1,12,13,2
25,7,24,34,4
4,76,39,155,7
19,50,39,116,6
39,1,16,18,2
61,0,6,6,1
51,1,17,18,11
42,3,20,25,11
50,1,13,15,13
26,4,20,25,5
11,5,32,39,6
4,16,34,58,9
4,16,32,56,12
13,16,30,54,6
34,2,22,25,4
60,0,6,6,2
67,0,5,6,3
56,0,7,7,4
58,0,5,5,8
35,3,22,26,8
23,5,41,49,11
22,6,37,47,5
35,9,20,34,5
68,0,7,8,3
50,2,15,17,4
40,0,12,12,3
44,1,13,14,4
52,1,12,13,4
73,1,3,4,2
70,0,4,4,2
44,4,16,22,6
36,2,19,23,5
19,16,34,58,5
46,1,14,15,3
59,1,8,9,2
67,1,3,4,2
52,1,7,9,2
50,1,5,7,1
74,1,5,6,0
41,1,17,19,6
55,1,14,16,23
46,1,11,13,9
49,1,8,9,4
53,1,7,8,2
35,5,10,17,1
37,23,18,53,2
26,6,34,44,5
10,10,39,54,9
47,1,18,19,3
48,8,17,28,3
40,7,23,33,3
30,13,35,55,5
32,10,21,37,4
47,6,20,29,5
46,3,21,25,9
40,6,15,24,5
73,5,6,14,2
70,1,12,14,5
59,2,7,9,2
56,3,16,20,3
28,5,22,30,4
48,4,14,20,7
36,9,21,35,3
52,5,18,27,3
48,2,16,19,2
36,2,23,26,1
45,4,19,26,4
44,5,33,40,6
43,2,22,26,4
35,4,14,20,1
38,3,11,17,2
47,1,8,9,1
67,1,4,5,1
66,1,7,9,3
30,6,17,27,5
29,3,18,23,3
58,2,5,7,1
68,2,5,8,1
76,1,9,11,1
65,3,8,12,4
43,3,16,20,7
44,4,17,24,5
46,7,15,25,4
65,7,7,18,2
91,2,6,9,1
77,2,6,10,1
58,1,11,12,1
57,2,8,10,3
72,1,9,11,2
73,1,7,8,1
53,1,16,18,2
29,5,21,29,1
34,3,24,29,2
60,1,6,7,0
80,0,6,6,1
64,0,8,9,0
58,0,7,8,0
59,0,7,7,1
57,0,7,7,3
56,1,5,7,0
73,1,5,6,0
61,1,4,5,0
88,1,2,3,0
73,1,10,11,2
67,2,12,15,4
81,1,7,8,3
49,1,8,9,2
75,1,2,4,0
70,1,2,3,0
57,1,4,5,1
59,1,5,7,0
44,3,10,14,2
88,3,13,18,6
62,1,6,7,1
54,1,6,8,1
65,0,3,3,0
62,0,3,3,0
65,3,13,17,2
90,1,13,14,2
42,2,13,16,3
64,1,7,9,2
45,2,10,13,2
53,0,5,5,0
42,1,8,9,2
44,1,9,11,2
44,1,14,16,2
62,0,8,8,1
62,1,9,10,1
89,0,12,12,3
48,0,8,9,1
45,0,8,9,1
42,0,8,9,0
37,1,12,14,2
38,0,13,14,0
56,1,11,12,1
52,4,8,14,0
33,1,9,11,0
37,2,12,14,1
57,3,11,15,2
42,2,10,12,4
41,2,9,12,4
60,0,6,6,0
65,0,5,5,0
75,0,4,4,0
64,0,4,4,0
68,0,8,8,2
34,1,10,10,1
32,1,13,14,1
36,0,10,11,1
62,0,6,6,2
65,1,7,9,2
57,2,13,15,1
49,1,7,9,0
47,1,4,6,0
37,1,6,7,1
39,3,12,16,3
64,4,16,21,2
44,1,5,7,1
49,1,1,3,0
57,1,3,5,0
69,1,3,5,0
75,1,6,8,1
90,1,10,12,2
106,25,11,49,4
110,7,10,20,5
63,1,16,18,1
61,2,14,17,1
52,4,10,16,1
51,5,9,16,1
65,1,5,7,1
53,1,9,11,1
33,2,11,14,1
45,1,2,4,1
48,1,6,8,1
54,2,13,16,2
53,2,20,23,2
38,1,7,8,2
44,1,7,8,2
32,2,15,18,1
26,3,17,21,1
37,0,7,8,1
45,2,4,6,0
45,2,5,7,0
56,2,8,10,1
56,1,8,10,0
44,3,22,26,2
45,1,12,13,0
43,2,14,17,1
42,5,16,23,2
63,2,17,21,2
43,0,9,9,2
24,2,17,21,2
44,5,20,28,3
68,1,19,21,7
58,2,17,20,4
67,0,10,11,2
61,0,8,8,1
69,2,17,20,2
40,1,11,12,1
30,5,18,26,1
43,1,11,12,1
39,2,16,18,2
81,1,18,19,6
40,0,9,9,1
25,2,24,27,2
22,4,18,24,2
37,1,18,20,3
25,3,21,26,1
29,3,19,24,1
45,1,11,12,3
43,1,13,14,2
51,1,10,11,2
25,2,17,20,1
27,2,15,18,1
46,1,11,12,0
50,1,13,15,0
47,1,10,11,0
35,0,11,12,1
43,1,12,13,0
35,1,15,16,2
45,2,6,10,0
33,2,10,13,2
42,2,10,13,2
55,1,5,7,1
41,1,5,8,1
37,2,11,13,8
26,5,13,20,4
18,33,23,73,7
13,42,22,86,6
22,29,18,62,4
37,1,15,16,2
17,3,21,25,2
30,2,12,15,2
28,2,9,12,2
38,2,10,12,3
24,1,24,26,6
16,3,27,33,5
31,1,16,18,2
43,1,12,13,1
51,0,8,8,1
31,1,21,23,1
12,6,27,35,3
23,4,22,29,2
24,3,19,23,2
10,6,29,38,3
31,2,19,22,2
58,0,7,7,0
50,1,13,14,1
38,1,17,18,0
22,8,30,42,1
22,9,36,49,2
39,2,19,22,2
45,0,10,10,1
28,1,19,21,2
19,4,28,34,7
25,1,19,20,2
42,0,14,15,1
55,0,8,9,0
24,7,22,33,1
32,3,12,16,0
54,0,6,6,1
21,9,24,37,2
23,4,27,33,3
28,2,26,29,13
36,1,19,20,8
46,0,9,9,1
48,0,5,5,1
24,1,14,15,2
16,2,29,32,5
58,4,13,18,1
52,3,15,20,1
32,3,25,30,3
54,1,12,14,2
47,2,12,15,1
45,2,15,18,2
57,4,10,15,2
31,5,24,32,2
54,4,10,15,0
35,5,12,19,4
28,5,28,36,3
16,7,32,43,5
43,0,18,18,9
19,3,32,36,5
41,0,16,16,3
16,15,25,47,8
27,2,22,26,25
6,39,34,94,17
20,2,31,34,9
29,1,21,23,8
47,1,16,18,2
56,1,10,12,1
62,1,5,6,1
56,1,7,8,1
30,4,18,24,2
14,2,25,28,3
18,3,24,29,4
13,2,28,32,3
11,3,26,30,6
23,3,14,18,2
38,1,14,16,1
55,1,4,6,0
35,1,15,17,1
36,2,19,21,1
40,1,13,15,3
38,1,16,18,1
47,1,8,10,1
22,5,16,23,3
38,1,16,17,2
42,1,11,12,1
27,1,19,20,12
36,0,10,11,4
37,1,5,6,1
26,4,12,17,5
12,11,23,40,17
23,2,19,22,5
32,3,16,21,2
7,14,39,61,5
17,6,32,42,15
52,0,8,8,4
49,0,8,9,7
15,19,23,52,4
3,59,38,128,8
6,36,40,96,9
8,7,42,53,11
41,1,19,20,7
60,0,3,3,1
59,1,3,4,1
57,1,9,11,2
47,2,13,17,3
46,2,12,15,6
33,3,22,26,3
47,1,12,13,5
36,2,17,20,2
48,1,8,10,1
56,3,11,16,1
64,2,6,10,1
56,2,10,13,1
55,2,10,12,1
40,3,16,21,3
62,2,6,8,1
44,3,11,16,2
17,8,34,45,3
46,2,15,18,3
60,2,6,8,2
45,3,15,19,4
58,1,8,9,1
50,1,7,8,4
33,3,18,22,4
30,3,29,34,4
21,10,32,48,7
26,2,25,29,3
55,1,11,13,2
39,3,19,23,3
35,5,29,36,3
60,0,7,8,1
63,1,8,10,1
57,0,13,14,2
50,1,12,13,8
51,0,12,13,5
65,0,7,7,5
51,0,9,10,6
40,1,11,12,4
48,2,12,14,4
48,1,9,10,3
42,0,9,9,3
54,0,7,7,2
42,2,11,14,1
61,1,5,7,3
36,2,13,16,2
23,6,21,29,3
55,1,8,9,1
54,2,9,11,6
28,5,18,25,6
32,4,17,23,8
65,0,5,5,3
47,4,8,15,1
16,10,22,38,3
36,4,16,21,2
19,18,30,57,2
21,9,39,52,5
32,8,24,36,3
41,1,16,18,1
53,1,8,10,2
73,0,3,3,1
76,0,2,3,1
80,2,4,7,1
74,3,5,9,1
62,2,12,15,5
51,2,21,24,3
60,1,16,18,1
56,1,12,13,1
91,0,7,7,0
48,4,13,19,2
55,2,16,19,7
64,2,10,13,1
40,3,28,33,3
32,4,21,27,3
41,4,17,23,2
54,1,9,11,2
67,1,6,8,2
61,2,10,13,4
87,0,3,3,0
81,0,3,3,0
78,1,2,3,0
78,0,5,6,1
86,0,10,11,3
54,1,8,9,1
66,0,7,8,0
52,1,9,11,0
48,0,9,9,1
39,1,15,17,2
43,1,12,14,1
48,2,12,15,4
54,1,9,11,1
52,1,12,14,1
64,1,6,7,1
64,1,5,6,1
56,1,6,7,1
42,2,13,16,2
49,6,18,28,6
34,2,11,15,1
36,4,12,18,2
54,1,6,8,2
64,1,4,5,1
52,2,7,9,1
56,1,9,12,3
77,1,11,13,4
50,2,19,22,2
54,1,5,7,2
59,1,4,5,1
50,1,6,8,3
34,1,7,9,2
24,1,8,10,1
54,2,7,10,5
65,2,9,12,4
84,2,12,15,7
95,1,9,11,3
104,1,13,15,3
48,2,13,16,2
47,2,7,10,1
52,2,5,8,1
44,2,8,10,2
47,1,6,8,2
45,1,5,7,2
41,2,9,12,2
66,2,14,17,4
55,1,8,10,2
36,1,8,10,1
34,2,10,14,1
33,3,23,27,3
57,1,8,10,1
53,1,10,12,1
22,10,28,44,2
6,49,50,124,3
2,68,50,154,5
34,2,21,23,2
26,2,24,28,2
37,1,13,15,2
48,0,9,9,1
16,16,29,54,3
15,22,32,66,3
45,1,14,16,2
17,6,30,39,2
19,8,32,44,3
47,1,10,11,1
57,1,4,5,1
27,4,23,29,3
18,1,16,18,2
27,1,18,20,3
34,2,14,16,3
33,1,15,16,2
38,2,19,22,1
33,1,15,17,1
47,1,10,10,2
35,1,14,15,3
39,1,16,17,2
29,1,21,23,2
41,1,10,12,1
51,1,9,10,1
59,0,4,5,1
46,0,10,11,1
45,1,9,10,0
54,1,5,7,2
42,2,15,18,2
18,9,28,42,12
6,14,35,57,3
7,6,29,39,6
8,20,32,62,3
6,15,38,61,4
4,5,40,48,5
4,7,37,48,4
6,18,42,69,3
12,2,42,44,2
33,1,14,15,0
54,0,3,3,0
55,0,3,3,0
30,2,18,21,3
21,6,37,46,5
8,8,50,63,10
18,3,35,40,11
33,2,19,22,6
52,1,7,9,2
55,1,8,9,1
44,2,13,17,3
39,1,16,18,2
26,4,20,26,3
19,4,28,33,3
31,2,15,18,1
25,2,23,26,3
5,21,39,71,5
27,5,21,28,2
51,2,5,7,1
46,2,10,13,1
34,5,16,23,1
43,1,8,9,1
27,7,24,36,2
3,44,46,113,5
4,44,39,106,4
2,93,45,187,5
2,41,51,114,13
2,25,49,87,13
16,5,34,42,7
21,2,24,28,4
46,1,17,19,2
52,1,13,14,1
48,1,21,23,1
50,2,17,19,1
40,1,18,20,1
13,5,33,41,4
6,14,43,64,6
18,14,41,62,5
15,5,32,39,3
3,36,49,104,4
10,12,39,57,4
42,2,19,22,2
45,2,15,18,1
42,2,23,26,1
60,2,10,13,0
51,2,16,19,1
43,2,8,11,1
18,15,29,52,4
26,3,26,30,4
45,1,8,9,1
52,1,9,11,1
30,16,25,50,4
12,38,34,92,3
4,27,52,92,7
27,18,28,56,3
22,6,26,35,3
19,4,29,35,4
16,4,38,44,6
5,10,43,58,4
30,2,25,28,4
44,2,18,20,3
51,2,13,16,8
57,1,9,11,1
48,2,14,17,8
41,3,21,25,3
34,2,22,25,1
44,2,17,19,1
64,1,4,6,0
58,1,7,9,1
64,1,5,7,1
55,1,9,11,1
31,16,31,54,3
29,5,39,46,5
54,1,19,20,2
32,2,30,33,1
50,1,16,18,1
55,1,10,11,0
55,0,9,9,0
60,2,10,12,1
59,2,12,14,5
42,4,19,26,2
30,7,30,41,5
59,1,14,16,2
76,2,3,5,0
73,1,2,4,0
58,2,9,12,1
59,2,14,16,2
42,2,24,27,1
11,8,39,51,2
48,1,17,19,1
27,2,21,25,1
71,1,5,6,0
64,1,10,11,0
34,3,31,36,4
65,1,15,17,1
50,3,17,21,4
55,1,15,17,3
56,1,11,12,2
55,1,9,10,1
48,2,19,21,4
66,1,10,12,1
70,1,7,9,1
54,2,14,17,1
64,1,10,12,1
72,1,5,7,1
69,1,7,8,4
61,1,9,10,2
72,1,6,8,3
75,1,5,6,1
54,5,12,20,5
62,1,7,8,0
43,1,15,17,1
64,1,5,6,1
72,1,6,7,1
83,1,3,5,0
74,1,4,6,0
79,1,10,12,2
58,1,17,19,2
43,3,24,28,1
65,1,13,15,1
63,1,11,13,4
52,2,19,22,4
74,1,7,8,1
66,1,8,9,0
65,1,10,11,6
51,2,12,15,1
54,2,10,13,3
52,3,12,16,2
42,5,13,20,5
52,3,9,14,1
59,3,8,13,1
67,3,9,14,2
67,2,8,12,1
66,2,7,10,1
63,3,12,16,3
28,2,8,10,2
27,1,5,8,1
62,2,7,9,1
52,3,10,15,2
62,2,7,10,2
56,2,9,13,1
64,2,4,7,0
66,2,6,9,3
58,2,10,13,2
58,3,12,17,3
50,2,13,17,2
64,2,6,9,1
42,2,10,13,2
48,3,13,18,2
55,2,5,9,1
40,3,13,18,1
50,3,14,18,5
63,3,10,15,2
79,3,12,16,5
49,2,12,16,1
48,1,8,10,1
60,1,4,6,1
50,2,7,10,2
62,3,18,22,3
67,2,12,15,3
50,2,10,13,3
43,2,8,12,2
60,2,7,10,1
91,2,6,9,3
86,2,11,13,3
118,2,17,20,6
82,1,9,11,2
50,2,10,13,1
38,2,12,15,1
48,1,6,8,1
44,2,4,6,1
60,2,7,10,1
77,3,11,15,3
97,2,11,15,3
101,2,11,14,3
76,2,9,12,2
60,2,6,9,0
48,1,7,9,1
44,1,10,12,1
40,2,7,10,0
42,1,6,8,1
46,1,7,9,1
43,1,7,9,1
32,2,7,10,3
43,1,4,6,2
44,2,8,11,2
67,2,11,15,2
45,2,7,10,0
52,2,7,10,1
54,2,9,12,7
46,2,5,7,1
39,2,7,9,1
97,1,3,4,2
77,1,8,10,4
89,1,4,6,2
95,1,4,6,1
104,1,4,6,2
100,1,3,5,1
86,1,5,7,2
87,1,5,6,3
76,2,9,12,5
80,1,13,14,4
87,1,9,11,3
105,1,3,4,2
87,1,4,5,1
77,2,9,12,2
66,3,18,22,3
82,2,7,10,2
76,1,6,8,3
78,2,9,12,3
58,2,14,17,4
63,2,8,11,4
88,1,5,7,3
83,2,7,10,4
82,1,9,10,3
71,1,10,12,3
66,2,13,15,3
102,1,6,7,2
69,1,10,11,2
85,1,9,11,1
41,3,24,28,2
68,2,10,13,4
74,2,9,13,5
81,1,5,6,2
89,0,3,4,3
100,1,4,5,6
80,0,4,4,0
74,3,9,13,3
70,2,9,12,4
93,3,26,31,11
78,1,13,15,6
71,2,11,13,2
91,1,5,7,0
69,2,15,18,2
76,1,11,12,3
70,4,7,13,0
70,4,7,13,0
67,3,11,15,3
28,5,16,24,2
28,5,10,18,2
32,8,16,29,2
52,2,10,14,3
46,2,15,18,0
50,2,9,12,2
43,3,13,17,2
25,5,17,24,1
27,3,19,24,1
22,2,24,27,0
23,2,16,18,0
16,5,22,30,2
4,10,36,51,3
22,7,25,35,3
32,5,20,27,0
34,2,18,21,0
63,1,8,10,3
63,3,6,10,2
70,0,6,7,2
73,1,6,6,0
78,1,7,8,1
79,1,5,6,1
66,1,7,8,2
49,2,9,12,1
81,2,6,10,0
51,3,16,21,1
27,8,22,34,4
